{
  "examples": [
    {
      "example_id": "EX_GRAIN_RATION_TEMPLATE",
      "description": "Grain ration ledger line (template)",
      "proto_elamite_sequence": [
        "N60",
        "N10",
        "M288",
        "M36",
        "M388"
      ],
      "gloss": [
        "60+10 units",
        "grain",
        "capacity jar",
        "worker/personnel"
      ],
      "functional_reading": "70 units of grain in standard jars to worker-class personnel",
      "validation_notes": "Check totals on tablet reverse; compare with proto‑cuneiform ŠE; confirm M36 capacity usage."
    },
    {
      "example_id": "EX_LIVESTOCK_TEMPLATE",
      "description": "Livestock management entry (template)",
      "proto_elamite_sequence": [
        "N10",
        "M346",
        "PE_WORKSHOP?",
        "M388"
      ],
      "gloss": [
        "10",
        "sheep/goat",
        "location/workshop?",
        "herdsman/person"
      ],
      "functional_reading": "10 sheep/goats at [location] under [herdsman]",
      "validation_notes": "Compare M346 with UDU; site context (Tepe Yahya/Susa)."
    },
    {
      "example_id": "EX_HEADER_TOTAL_TEMPLATE",
      "description": "Header + grand total pattern (template)",
      "proto_elamite_sequence": [
        "M157",
        "...lines...",
        "TOTAL_MARKER?"
      ],
      "gloss": [
        "account header",
        "line items",
        "total"
      ],
      "functional_reading": "Account of [institution]; totals on reverse line.",
      "validation_notes": "M157 in line 1; verify physical reverse totals."
    }
  ]
}