{
  "dataset": "Proto‑Elamite Reproducible Subset",
  "version": "phase_final_v1.0",
  "compiled_on": "2025-09-19",
  "author": "Spectre | Lackadaisical Security",
  "files": {
    "master": "proto_elamite_master_lexicon_phase_final.json",
    "signs": "proto_elamite_signs_v1.json",
    "formulas": "proto_elamite_formulas_v1.json",
    "numerals": "proto_elamite_numerals_v1.json",
    "metrology": "proto_elamite_metrology_v1.json",
    "corpus_summary": "proto_elamite_corpus_summary_v1.json",
    "replication_protocol": "proto_elamite_replication_protocol_v1.json",
    "examples": "proto_elamite_examples_v1.json",
    "manifest": "proto_elamite_manifest_v1.json"
  },
  "license": "CC BY-NC 4.0",
  "notes": [
    "This package contains only reproducible, non‑proprietary elements.",
    "Examples are illustrative templates; replace with specific tablet IDs to validate."
  ]
}