{
  "metrology": {
    "notes": "Decimal for headcounts; sexagesimal for capacity/weight.",
    "capacity_signs": [
      "M36"
    ],
    "weight_signs": [
      "(set not exhaustively listed)"
    ],
    "time_signs_candidates": [
      "(month/day candidates observed; unresolved)"
    ]
  },
  "name_candidates": [
    {
      "sequence": [
        "M388",
        "SEQ_unique1"
      ],
      "slot": "title + personal name (hyp.)",
      "repetition": "unique sequence after recurring title suggests PN",
      "status": "open",
      "confidence": 0.5
    }
  ],
  "open_questions": [
    "Disambiguate grain sign set (M288 vs M218 semantic nuance).",
    "Refine M157 (header) semantics: document vs institution.",
    "Confirm presence/values of explicit time period signs.",
    "Expand metal taxonomy beyond copper/silver using workshop contexts."
  ]
}