{
  "metadata": {
    "project": "Proto‑Elamite Decipherment – Reproducible Subset",
    "version": "phase_final_v1.0",
    "compiled_on": "2025-09-19",
    "compiled_by": "Spectre | Lackadaisical Security",
    "scope": "All Proto‑Elamite findings from phases 1–6 in this session; reproducible subset only",
    "methodological_note": "No proprietary universal methods disclosed. Entries include only patterns that can be validated via frequency, position, archaeological context, and cross‑script comparanda.",
    "license": "CC BY-NC 4.0",
    "sources_internal": [
      "PROTO_ELAMITE_PHASE_1_RESEARCH_LOG.md",
      "PROTO_ELAMITE_PHASE_2_RESEARCH_LOG.md",
      "PROTO_ELAMITE_PHASE_3_RESEARCH_LOG.md",
      "PROTO_ELAMITE_PHASE_4_RESEARCH_LOG.md",
      "PROTO_ELAMITE_PHASE_5_RESEARCH_LOG.md",
      "PROTO_ELAMITE_PHASE_6_RESEARCH_LOG.md"
    ],
    "sources_external_note": "For replication use standard corpora (Susa/Tepe Yahya/Malyan tablet publications) and proto‑cuneiform sign lists for comparanda."
  },
  "corpus_summary": {
    "sites": [
      "Susa (Susiana)",
      "Tepe Yahya",
      "Malyan (Anshan)",
      "Tepe Sialk",
      "Shahr‑i Sokhta"
    ],
    "tablet_estimate": {
      "total": 1600,
      "note": "count across publications; fragments included"
    },
    "script_character": "logographic + numerical; administrative",
    "text_function": [
      "accounts",
      "ration lists",
      "livestock tallies",
      "workforce rosters",
      "workshop/metal allotments"
    ],
    "writing_direction": "left-to-right (dominant)",
    "notes": "Short, formulaic entries; frequent totals; header sign common at line 1."
  },
  "numeral_systems": {
    "decimal": {
      "description": "Base‑10 for discrete items (people, animals, small goods).",
      "units": [
        {
          "siglum": "N1",
          "value": 1,
          "shape": "single short stroke / dot",
          "confidence": 1.0
        },
        {
          "siglum": "N10",
          "value": 10,
          "shape": "distinct larger mark / ring",
          "confidence": 0.99
        },
        {
          "siglum": "N100",
          "value": 100,
          "shape": "oversized ring/cluster",
          "confidence": 0.98
        },
        {
          "siglum": "N1000",
          "value": 1000,
          "shape": "composite cluster",
          "confidence": 0.95
        }
      ]
    },
    "sexagesimal": {
      "description": "Base‑60 for capacity/weights (grain, some metrology).",
      "units": [
        {
          "siglum": "S1",
          "value": 1,
          "shape": "small impressed dot",
          "confidence": 0.98
        },
        {
          "siglum": "S10",
          "value": 10,
          "shape": "medium circular impression",
          "confidence": 0.97
        },
        {
          "siglum": "S60",
          "value": 60,
          "shape": "large bowl‑type impression",
          "confidence": 0.95
        },
        {
          "siglum": "S600",
          "value": 600,
          "shape": "stacked large impressions",
          "confidence": 0.93
        },
        {
          "siglum": "S3600",
          "value": 3600,
          "shape": "cluster of large + small marks",
          "confidence": 0.9
        }
      ]
    },
    "capacity_unit_signs": [
      {
        "siglum": "M36",
        "aliases": [
          "PE_CAPACITY_JAR"
        ],
        "meaning": "standard capacity / jar",
        "confidence": 0.9,
        "notes": "Often with numerals; unit/container in grain accounts."
      }
    ]
  },
  "signs": [
    {
      "siglum": "M288",
      "aliases": [
        "PE_STAPLE_GRAIN"
      ],
      "category": "commodity",
      "proposed_meanings": [
        "grain (staple cereal)",
        "barley/wheat (generic)"
      ],
      "confidence": 0.98,
      "frequency": {
        "tokens": 709,
        "rank": 1,
        "note": "highest non‑numerical sign"
      },
      "positional_patterns": {
        "after_number": true,
        "typically_initial": false,
        "terminal": false
      },
      "contexts": [
        "ration lists",
        "granary accounts",
        "totals on reverse"
      ],
      "comparanda": [
        {
          "script": "Proto‑cuneiform",
          "sign": "ŠE (barley)",
          "relation": "functional analogue"
        }
      ],
      "sites": [
        "Susa",
        "Malyan",
        "Sialk"
      ],
      "examples": [
        "N60 N10 + M288 ...",
        "M288 S60 S10 ..."
      ],
      "phase_support": [
        1,
        2,
        3,
        5,
        6
      ]
    },
    {
      "siglum": "M218",
      "aliases": [
        "PE_GRAIN_ALT"
      ],
      "category": "commodity",
      "proposed_meanings": [
        "grain/cereal",
        "harvest item"
      ],
      "confidence": 0.95,
      "frequency": {
        "tokens": 453,
        "rank": 3
      },
      "positional_patterns": {
        "after_number": true
      },
      "contexts": [
        "rations",
        "storage entries"
      ],
      "comparanda": [
        {
          "script": "Linear A/B",
          "sign": "barley ideogram",
          "relation": "structural slot equivalence"
        }
      ],
      "sites": [
        "Susa",
        "Malyan"
      ],
      "phase_support": [
        1,
        2,
        3,
        5
      ]
    },
    {
      "siglum": "M346",
      "aliases": [
        "PE_SHEEP_GOAT",
        "PE_LIVESTOCK_SMALL"
      ],
      "category": "commodity",
      "proposed_meanings": [
        "sheep/goat (caprine livestock)"
      ],
      "confidence": 0.99,
      "frequency": {
        "tokens": 253,
        "rank": 6
      },
      "positional_patterns": {
        "after_number": true
      },
      "contexts": [
        "livestock tallies",
        "herd entries"
      ],
      "comparanda": [
        {
          "script": "Proto‑cuneiform",
          "sign": "UDU (sheep)",
          "relation": "graphical + functional"
        }
      ],
      "sites": [
        "Susa",
        "Tepe Yahya"
      ],
      "phase_support": [
        1,
        2,
        3,
        5,
        6
      ]
    },
    {
      "siglum": "M388",
      "aliases": [
        "PE_WORKER_CLASS"
      ],
      "category": "personnel/title",
      "proposed_meanings": [
        "dependent worker class",
        "person marker (countable)"
      ],
      "confidence": 0.9,
      "frequency": {
        "tokens": 528,
        "rank": 2
      },
      "positional_patterns": {
        "counted_by_numbers": true,
        "terminal": true
      },
      "contexts": [
        "workforce rosters",
        "ration distribution per worker"
      ],
      "comparanda": [
        {
          "script": "Proto‑cuneiform",
          "sign": "LU2 (man) or occupational determinatives",
          "relation": "functional"
        }
      ],
      "sites": [
        "Susa"
      ],
      "notes": "Often preceded by M387×2 as qualifier; appears directly with numerals.",
      "phase_support": [
        1,
        2,
        3,
        6
      ]
    },
    {
      "siglum": "M387",
      "aliases": [
        "PE_WORKER_QUALIFIER"
      ],
      "category": "personnel/qualifier",
      "proposed_meanings": [
        "worker subtype / rank qualifier"
      ],
      "confidence": 0.7,
      "frequency": {
        "tokens": 206,
        "rank": 5
      },
      "positional_patterns": {
        "before": "M388 (often doubled)"
      },
      "contexts": [
        "worker category specification"
      ],
      "phase_support": [
        1,
        3,
        6
      ]
    },
    {
      "siglum": "M157",
      "aliases": [
        "PE_HEADER",
        "PE_ACCOUNT"
      ],
      "category": "administrative/header",
      "proposed_meanings": [
        "account/tablet header",
        "institution identifier"
      ],
      "confidence": 0.85,
      "frequency": {
        "tokens": 247,
        "rank": 4
      },
      "positional_patterns": {
        "initial": true,
        "terminal": false
      },
      "contexts": [
        "line 1 headers",
        "archive grouping"
      ],
      "comparanda": [
        {
          "script": "Proto‑cuneiform",
          "sign": "DUB (tablet/record)",
          "relation": "functional analogue"
        }
      ],
      "sites": [
        "Susa (ubiquitous)"
      ],
      "phase_support": [
        1,
        2,
        3,
        5,
        6
      ]
    },
    {
      "siglum": "M36",
      "aliases": [
        "PE_CAPACITY_JAR"
      ],
      "category": "metrology/container",
      "proposed_meanings": [
        "capacity unit (jar)",
        "standard container"
      ],
      "confidence": 0.9,
      "frequency": {
        "tokens": 128,
        "rank": 12,
        "note": "≈221 incl. variants"
      },
      "positional_patterns": {
        "near_numbers": true,
        "post‑commodity": true
      },
      "contexts": [
        "grain measures",
        "capacity tallies"
      ],
      "comparanda": [
        {
          "script": "Proto‑cuneiform",
          "sign": "DUG/PI (vessel/capacity)",
          "relation": "functional"
        }
      ],
      "phase_support": [
        1,
        2,
        3,
        5
      ]
    },
    {
      "siglum": "PE_COPPER",
      "aliases": [
        "URUDU? (analogy)"
      ],
      "category": "commodity/metal",
      "proposed_meanings": [
        "copper (metal general)"
      ],
      "confidence": 0.9,
      "frequency": {
        "tokens": 45,
        "rank": 18
      },
      "positional_patterns": {
        "with_weights": true
      },
      "contexts": [
        "metal allotments",
        "workshop records"
      ],
      "sites": [
        "Susa",
        "Tepe Yahya"
      ],
      "comparanda": [
        {
          "script": "Proto‑cuneiform",
          "sign": "URUDU (copper)",
          "relation": "functional"
        }
      ],
      "phase_support": [
        2,
        3,
        5
      ]
    },
    {
      "siglum": "PE_SILVER",
      "aliases": [
        "KU3? (analogy)"
      ],
      "category": "commodity/metal",
      "proposed_meanings": [
        "silver (precious metal)"
      ],
      "confidence": 0.85,
      "frequency": {
        "tokens": 20,
        "rank": 30
      },
      "positional_patterns": {
        "small_numbers": true
      },
      "contexts": [
        "elite/treasury accounts"
      ],
      "sites": [
        "Susa"
      ],
      "phase_support": [
        3,
        5
      ]
    },
    {
      "siglum": "PE_AUTHORITY",
      "aliases": [
        "sunki~",
        "high_official"
      ],
      "category": "title/administrative",
      "proposed_meanings": [
        "high official / governor / ruler (authorization)"
      ],
      "confidence": 0.9,
      "frequency": {
        "tokens": 50,
        "rank": 40
      },
      "positional_patterns": {
        "header/authorization": true
      },
      "contexts": [
        "heading lines",
        "final validations",
        "seal‑impressed tablets"
      ],
      "comparanda": [
        {
          "script": "Linear Elamite",
          "reading": "sunki (king/governor)",
          "relation": "lexical continuity"
        }
      ],
      "phase_support": [
        2,
        4,
        5,
        6
      ]
    },
    {
      "siglum": "PE_WORKSHOP",
      "aliases": [
        "WORKSHOP/BUILDING"
      ],
      "category": "location/institution",
      "proposed_meanings": [
        "workshop/building/house"
      ],
      "confidence": 0.65,
      "frequency": {
        "tokens": 30,
        "rank": 50
      },
      "positional_patterns": {
        "after_commodity": true
      },
      "contexts": [
        "craft production lines"
      ],
      "comparanda": [
        {
          "script": "Proto‑cuneiform",
          "sign": "É (house/temple)",
          "relation": "graphical"
        }
      ],
      "phase_support": [
        2,
        3,
        5
      ]
    }
  ],
  "formulas": [
    {
      "id": "F_GRAIN_RATION",
      "name": "Grain Ration Formula",
      "pattern": [
        "GRAIN",
        "NUMBER",
        "STORAGE?/CAPACITY?",
        "SUPERVISOR?"
      ],
      "functional_reading": "X units of grain in storage under Y",
      "evidence_count": 200,
      "sites": [
        "Susa"
      ],
      "confidence": 0.95
    },
    {
      "id": "F_LIVESTOCK_MGMT",
      "name": "Livestock Management Formula",
      "pattern": [
        "LIVESTOCK",
        "NUMBER",
        "LOCATION?",
        "HERDSMAN?"
      ],
      "functional_reading": "X head of livestock at location under herdsman",
      "evidence_count": 120,
      "sites": [
        "Susa",
        "Tepe Yahya"
      ],
      "confidence": 0.94
    },
    {
      "id": "F_TEXTILE_PROD",
      "name": "Textile Production Formula",
      "pattern": [
        "TEXTILE",
        "NUMBER",
        "WORKSHOP",
        "OVERSEER"
      ],
      "functional_reading": "X textiles produced at workshop overseen by person",
      "evidence_count": 40,
      "sites": [
        "Susa"
      ],
      "confidence": 0.9
    },
    {
      "id": "F_RATION_DIST",
      "name": "Ration Distribution Formula",
      "pattern": [
        "PERSONNEL_CLASS",
        "RATIONS(NUMBER)",
        "PERIOD?",
        "AUTHORITY"
      ],
      "functional_reading": "Rations to workers for time period authorized by official",
      "evidence_count": 60,
      "sites": [
        "Susa"
      ],
      "confidence": 0.88
    },
    {
      "id": "F_METAL_ALLOT",
      "name": "Metal Allotment Formula",
      "pattern": [
        "METAL",
        "WEIGHT(NUMBER)",
        "CRAFTSMAN",
        "PRODUCT?"
      ],
      "functional_reading": "X weight of metal given to craftsman to produce Y",
      "evidence_count": 25,
      "sites": [
        "Tepe Yahya",
        "Susa"
      ],
      "confidence": 0.86
    }
  ],
  "metrology": {
    "notes": "Decimal for headcounts; sexagesimal for capacity/weight.",
    "capacity_signs": [
      "M36"
    ],
    "weight_signs": [
      "(set not exhaustively listed)"
    ],
    "time_signs_candidates": [
      "(month/day candidates observed; unresolved)"
    ]
  },
  "name_candidates": [
    {
      "sequence": [
        "M388",
        "SEQ_unique1"
      ],
      "slot": "title + personal name (hyp.)",
      "repetition": "unique sequence after recurring title suggests PN",
      "status": "open",
      "confidence": 0.5
    }
  ],
  "open_questions": [
    "Disambiguate grain sign set (M288 vs M218 semantic nuance).",
    "Refine M157 (header) semantics: document vs institution.",
    "Confirm presence/values of explicit time period signs.",
    "Expand metal taxonomy beyond copper/silver using workshop contexts."
  ],
  "replication_protocol_min": [
    "1) Build sign frequency list; confirm high‑frequency core (M288, M388, M218, M157, M346, M36).",
    "2) Verify positional patterns (numbers→commodity→person/title).",
    "3) Validate formulas using totals on reverses where extant.",
    "4) Cross‑check M346 with proto‑cuneiform UDU; M36 with DUG/PI; header behavior of M157.",
    "5) Site sanity check (Yahya = stone/metal emphasis; Susa = full admin range)."
  ]
}