{
  "corpus_summary": {
    "sites": [
      "Susa (Susiana)",
      "Tepe Yahya",
      "Malyan (Anshan)",
      "Tepe Sialk",
      "Shahr‑i Sokhta"
    ],
    "tablet_estimate": {
      "total": 1600,
      "note": "count across publications; fragments included"
    },
    "script_character": "logographic + numerical; administrative",
    "text_function": [
      "accounts",
      "ration lists",
      "livestock tallies",
      "workforce rosters",
      "workshop/metal allotments"
    ],
    "writing_direction": "left-to-right (dominant)",
    "notes": "Short, formulaic entries; frequent totals; header sign common at line 1."
  }
}