{
  "numeral_systems": {
    "decimal": {
      "description": "Base‑10 for discrete items (people, animals, small goods).",
      "units": [
        {
          "siglum": "N1",
          "value": 1,
          "shape": "single short stroke / dot",
          "confidence": 1.0
        },
        {
          "siglum": "N10",
          "value": 10,
          "shape": "distinct larger mark / ring",
          "confidence": 0.99
        },
        {
          "siglum": "N100",
          "value": 100,
          "shape": "oversized ring/cluster",
          "confidence": 0.98
        },
        {
          "siglum": "N1000",
          "value": 1000,
          "shape": "composite cluster",
          "confidence": 0.95
        }
      ]
    },
    "sexagesimal": {
      "description": "Base‑60 for capacity/weights (grain, some metrology).",
      "units": [
        {
          "siglum": "S1",
          "value": 1,
          "shape": "small impressed dot",
          "confidence": 0.98
        },
        {
          "siglum": "S10",
          "value": 10,
          "shape": "medium circular impression",
          "confidence": 0.97
        },
        {
          "siglum": "S60",
          "value": 60,
          "shape": "large bowl‑type impression",
          "confidence": 0.95
        },
        {
          "siglum": "S600",
          "value": 600,
          "shape": "stacked large impressions",
          "confidence": 0.93
        },
        {
          "siglum": "S3600",
          "value": 3600,
          "shape": "cluster of large + small marks",
          "confidence": 0.9
        }
      ]
    },
    "capacity_unit_signs": [
      {
        "siglum": "M36",
        "aliases": [
          "PE_CAPACITY_JAR"
        ],
        "meaning": "standard capacity / jar",
        "confidence": 0.9,
        "notes": "Often with numerals; unit/container in grain accounts."
      }
    ]
  }
}