{
  "formulas": [
    {
      "id": "F_GRAIN_RATION",
      "name": "Grain Ration Formula",
      "pattern": [
        "GRAIN",
        "NUMBER",
        "STORAGE?/CAPACITY?",
        "SUPERVISOR?"
      ],
      "functional_reading": "X units of grain in storage under Y",
      "evidence_count": 200,
      "sites": [
        "Susa"
      ],
      "confidence": 0.95
    },
    {
      "id": "F_LIVESTOCK_MGMT",
      "name": "Livestock Management Formula",
      "pattern": [
        "LIVESTOCK",
        "NUMBER",
        "LOCATION?",
        "HERDSMAN?"
      ],
      "functional_reading": "X head of livestock at location under herdsman",
      "evidence_count": 120,
      "sites": [
        "Susa",
        "Tepe Yahya"
      ],
      "confidence": 0.94
    },
    {
      "id": "F_TEXTILE_PROD",
      "name": "Textile Production Formula",
      "pattern": [
        "TEXTILE",
        "NUMBER",
        "WORKSHOP",
        "OVERSEER"
      ],
      "functional_reading": "X textiles produced at workshop overseen by person",
      "evidence_count": 40,
      "sites": [
        "Susa"
      ],
      "confidence": 0.9
    },
    {
      "id": "F_RATION_DIST",
      "name": "Ration Distribution Formula",
      "pattern": [
        "PERSONNEL_CLASS",
        "RATIONS(NUMBER)",
        "PERIOD?",
        "AUTHORITY"
      ],
      "functional_reading": "Rations to workers for time period authorized by official",
      "evidence_count": 60,
      "sites": [
        "Susa"
      ],
      "confidence": 0.88
    },
    {
      "id": "F_METAL_ALLOT",
      "name": "Metal Allotment Formula",
      "pattern": [
        "METAL",
        "WEIGHT(NUMBER)",
        "CRAFTSMAN",
        "PRODUCT?"
      ],
      "functional_reading": "X weight of metal given to craftsman to produce Y",
      "evidence_count": 25,
      "sites": [
        "Tepe Yahya",
        "Susa"
      ],
      "confidence": 0.86
    }
  ]
}